residue_position,attention_score,conservation_score
7,0.005704795,0.9960298
8,0.005700265,0.9960298
19,0.00567903,0.9950372
20,0.0056434087,0.9945409
9,0.005574272,0.99801487
6,0.0055489354,0.9880893
76,0.005522769,0.39454094
18,0.00549933,0.9950372
77,0.0054817656,0.27593052
143,0.0054790927,0.9960298
144,0.0054718005,0.9960298
75,0.0054661217,0.79851115
21,0.0054348777,0.9945409
32,0.00543357,0.3166253
10,0.005427666,0.9985112
87,0.005386632,0.99404466
31,0.0053812284,0.58163774
108,0.005377886,0.20248139
88,0.0053756456,0.99801487
1,0.0053753103,0.17568238
