residue_position,attention_emitted,attention_received
0,0.0049261083,0.0053753103
1,0.0049261083,0.005084162
2,0.0049261088,0.0049251425
3,0.0049261083,0.0050280304
4,0.0049261083,0.0052756933
5,0.0049261083,0.0055489354
6,0.0049261088,0.005704795
7,0.0049261083,0.005700265
8,0.0049261083,0.005574272
9,0.0049261083,0.005427666
10,0.0049261083,0.0053218147
11,0.0049261083,0.005214882
12,0.0049261083,0.005075409
13,0.0049261083,0.0049458286
14,0.0049261083,0.004887158
15,0.0049261083,0.004963322
16,0.0049261083,0.005200561
17,0.0049261083,0.00549933
18,0.0049261083,0.00567903
19,0.004926108,0.0056434087
20,0.0049261083,0.0054348777
21,0.004926108,0.0051819463
22,0.0049261083,0.0050122887
23,0.0049261083,0.0049470062
24,0.0049261083,0.0049215625
25,0.0049261083,0.0049973372
26,0.0049261083,0.0049499837
27,0.0049261083,0.0050372807
28,0.0049261083,0.005021793
29,0.0049261083,0.0052303304
30,0.0049261083,0.0053812284
31,0.0049261083,0.00543357
32,0.0049261083,0.005246999
33,0.004926108,0.0047668777
34,0.0049261083,0.0046731755
35,0.0049261088,0.004665294
36,0.0049261083,0.004570734
37,0.0049261083,0.004662456
38,0.0049261083,0.0048307898
39,0.0049261083,0.0047251857
40,0.0049261083,0.0048513096
41,0.0049261083,0.0049150526
42,0.0049261083,0.005071062
43,0.0049261083,0.0049666385
44,0.0049261083,0.0047527715
45,0.0049261083,0.004427748
46,0.004926108,0.0042453953
47,0.0049261083,0.004188116
48,0.0049261083,0.004275769
49,0.0049261083,0.0045063635
50,0.0049261083,0.0047861654
51,0.0049261083,0.004838792
52,0.0049261083,0.0048069693
53,0.0049261083,0.0048817433
54,0.0049261083,0.0048473743
55,0.0049261083,0.004678714
56,0.0049261083,0.004588818
57,0.0049261083,0.004468175
58,0.0049261083,0.004492187
59,0.0049261083,0.0044868193
60,0.0049261083,0.004626253
61,0.0049261083,0.0048760073
62,0.0049261083,0.0051201237
63,0.0049261083,0.0051441304
64,0.0049261083,0.0051852753
65,0.0049261083,0.0049270056
66,0.0049261083,0.004941987
67,0.0049261083,0.0048847073
68,0.0049261083,0.004843853
69,0.0049261083,0.0048686713
70,0.0049261083,0.004831524
71,0.0049261083,0.0048780222
72,0.0049261088,0.005031414
73,0.0049261083,0.00519376
74,0.0049261083,0.0054661217
75,0.0049261088,0.005522769
76,0.0049261083,0.0054817656
77,0.0049261083,0.0052265455
78,0.0049261083,0.004881677
79,0.0049261083,0.0047806706
80,0.0049261083,0.0048729237
81,0.0049261083,0.0048739156
82,0.0049261083,0.0049437243
83,0.0049261083,0.0048964624
84,0.0049261083,0.005197905
85,0.0049261083,0.005258139
86,0.0049261083,0.005386632
87,0.0049261083,0.0053756456
88,0.0049261083,0.0051921
89,0.0049261083,0.004920802
90,0.0049261083,0.004692458
91,0.0049261083,0.004714252
92,0.0049261083,0.004830159
93,0.0049261083,0.0050164456
94,0.0049261083,0.005016162
95,0.004926108,0.0052682995
96,0.004926108,0.0052966913
97,0.0049261083,0.0052703116
98,0.0049261083,0.005345744
99,0.004926108,0.005331736
100,0.0049261083,0.0051615057
101,0.0049261083,0.0049130693
102,0.0049261083,0.0047663418
103,0.0049261083,0.004677823
104,0.0049261083,0.0048363274
105,0.0049261083,0.0049538277
106,0.0049261088,0.0052819047
107,0.0049261083,0.005377886
108,0.0049261088,0.0052297954
109,0.0049261083,0.005215497
110,0.0049261083,0.0050989618
111,0.0049261083,0.004861418
112,0.0049261083,0.004897304
113,0.0049261083,0.004766603
114,0.0049261083,0.0045534456
115,0.0049261083,0.0046464438
116,0.0049261083,0.004668819
117,0.0049261088,0.0049131694
118,0.0049261083,0.0051388247
119,0.0049261083,0.0053449883
120,0.0049261083,0.00516138
121,0.0049261083,0.0049339393
122,0.0049261083,0.0047891526
123,0.0049261083,0.0047357525
124,0.0049261083,0.00458398
125,0.0049261083,0.004597938
126,0.0049261083,0.0046009314
127,0.0049261083,0.0047309045
128,0.0049261083,0.0047516157
129,0.0049261083,0.0051205317
130,0.0049261083,0.005303983
131,0.0049261083,0.00524876
132,0.0049261083,0.005265387
133,0.0049261083,0.0050130165
134,0.0049261083,0.0047939606
135,0.0049261083,0.0047296197
136,0.0049261083,0.0048198723
137,0.0049261088,0.0049582063
138,0.0049261083,0.005062213
139,0.0049261083,0.005133347
140,0.0049261083,0.0052124844
141,0.0049261083,0.005341709
142,0.0049261083,0.0054790927
143,0.0049261088,0.0054718005
144,0.0049261083,0.0052455706
145,0.0049261083,0.004905658
146,0.0049261083,0.0045395927
147,0.0049261083,0.0044292095
148,0.0049261083,0.004486048
149,0.0049261083,0.0045670928
150,0.0049261083,0.004716807
151,0.0049261083,0.0049118428
152,0.0049261088,0.004927154
153,0.0049261088,0.004866641
154,0.0049261083,0.004765297
155,0.0049261083,0.0048139896
156,0.0049261083,0.0046342886
157,0.0049261083,0.004349311
158,0.0049261083,0.004194561
159,0.0049261083,0.004262145
160,0.0049261083,0.0042348304
161,0.0049261083,0.0043988945
162,0.0049261083,0.0046965843
163,0.0049261088,0.004841039
164,0.0049261083,0.0047922623
165,0.0049261083,0.004623126
166,0.0049261083,0.004545451
167,0.0049261083,0.004336343
168,0.0049261083,0.004374228
169,0.0049261083,0.0042697066
170,0.0049261083,0.0042433804
171,0.0049261083,0.0043585957
172,0.0049261083,0.0043820846
173,0.0049261083,0.0046051187
174,0.0049261083,0.004883372
175,0.0049261083,0.0050561223
176,0.0049261083,0.0050350376
177,0.0049261083,0.004852381
178,0.0049261083,0.0046209986
179,0.0049261083,0.004478055
180,0.0049261083,0.0044654435
181,0.0049261083,0.004527038
182,0.0049261083,0.004612885
183,0.0049261088,0.0047032465
184,0.0049261088,0.004794035
185,0.0049261083,0.004917018
186,0.0049261088,0.005071805
187,0.0049261083,0.0051616994
188,0.0049261083,0.0051019536
189,0.0049261083,0.0049115187
190,0.0049261088,0.004676725
191,0.0049261083,0.004524671
192,0.0049261083,0.004546181
193,0.0049261083,0.004714856
194,0.0049261083,0.004933393
195,0.0049261083,0.0051208716
196,0.0049261083,0.005235098
197,0.0049261083,0.0052924217
198,0.0049261083,0.0053454326
199,0.0049261083,0.0053718523
200,0.0049261083,0.0052952087
201,0.0049261083,0.0051176995
202,0.0049261083,0.0049180826
